{"Fid":"eVEURcXeQHyvYfgCOGusHV","Status":3,"AuthToken":"eyJhbGciOiJFUzI1NiIsInR5cCI6IkpXVCJ9.eyJhcHBJZCI6IjE6ODc2MzMzMzcxNTk2OmFuZHJvaWQ6OTJlMjQzNjFhNmE0YWIzY2Y4MzI2OSIsImV4cCI6MTc3MDg4MDAyMywiZmlkIjoiZVZFVVJjWGVRSHl2WWZnQ09HdXNIViIsInByb2plY3ROdW1iZXIiOjg3NjMzMzM3MTU5Nn0.AB2LPV8wRgIhALT3NUkbKqF5HCGhKMvUL3u22RCOwdb3FIUtOZVINRuqAiEAoWBlDUGSTaL78bK1XgtWpS7x3ZTQKOtGA2TVAsth3f8","RefreshToken":"3_AS3qfwK2nNKWnHGPTeRrzebXIUEHtrRwzZFGsgp_1j145lgsN8qqLMNeGxKb_vQ9gKVUPAeIYaI0StOoZgEs2foiKuTUWGU6SwA8YQDASmgP0t4","TokenCreationEpochInSecs":1770275222,"ExpiresInSecs":604800}