{"Fid":"dVi9y4DlQBOIFwzVg2p6ft","Status":3,"AuthToken":"eyJhbGciOiJFUzI1NiIsInR5cCI6IkpXVCJ9.eyJhcHBJZCI6IjE6NjM2ODEzODMyNjYyOmFuZHJvaWQ6NmVlMWZhZWNlZGIzYjFkYmZjNzQ3NyIsImV4cCI6MTc3MDg4MDAyMSwiZmlkIjoiZFZpOXk0RGxRQk9JRnd6VmcycDZmdCIsInByb2plY3ROdW1iZXIiOjYzNjgxMzgzMjY2Mn0.AB2LPV8wRQIgfSlGc4mizXyDQYcN85BB-vEXawZA32vzjY3RzVjLNA0CIQCbHGIool-ZFCjshBSBIYB0jMtbtOXgdsOmvr1VUDq-BA","RefreshToken":"3_AS3qfwIXBGMCBoqAhxCiy-JFergxy7CPXwyad4wZzo7-bMsyrk42Sm7hi6A-IhNF6UkiwW6FLBPvlz_GANIbP1-Vam1-P4mmnHA9j2eg35zSj70","TokenCreationEpochInSecs":1770275219,"ExpiresInSecs":604800}