<?xml version='1.0' encoding='utf-8' standalone='yes' ?>
<map>
    <string name="a5oHpvA/FbaQm02qm6eywix8kz+WKtPssLtd7K0yx6i8KB2nZ3S4L7bKqN4gBjDLA1M">wMGg2fzF3Iw0zw1cDmTYYDnOy1V427rsXAqcJs3H+1PZ9Njid2M</string>
    <int name="PREF_ALG_VER" value="5" />
    <string name="bWKbDvwDEP1/s/ysDNQg3UQUi7DyX9WmsKME0T26zzA">svb9CQidpBtbqlQrxKtmZMT0AMSAFf2Qv6DGUlA09RY</string>
    <string name="T0RqEgUftfZoIKEJ8PzOyNxFq8ICWwsx0JqggoQCpmMcS8jFIj1ve5WSVEam">XIe226Bbl9V5m/67EbtDuyggURiTnvDus30t22sNCZ1/645ybc0</string>
    <string name="Owx/eJHftEwKUbgiUTMLtCP7EgspIIq6ik14CRdBFLm7rlxi5pRCFjhG0E0IZgbxaZGN1aY">dgMsek0rskwcLV6knBFkbCGL6EPNgB3tTbaQg4gzMQ</string>
</map>
