<?xml version='1.0' encoding='utf-8' standalone='yes' ?>
<map>
    <string name="prev_event_name">af_initiated_checkout</string>
    <long name="prev_event_timestamp" value="1770275324569" />
    <int name="appsFlyerInAppEventCount" value="2" />
    <long name="prev_session_dur" value="15" />
    <long name="af_rc_max_age" value="86400" />
    <boolean name="ddl_sent" value="true" />
    <string name="sentSuccessfully">true</string>
    <string name="af_remote_config">eyJmZWF0dXJlcyI6e30sInZlciI6ImRlZmF1bHQudjEuMTYzNzE0OTUyOSJ9</string>
    <int name="versionCode" value="240011287" />
    <string name="savedProperties">{&quot;uid&quot;:&quot;1770275218417-4483451583973247510&quot;,&quot;waitForCustomerId&quot;:&quot;false&quot;,&quot;AppUserId&quot;:&quot;50298429&quot;}</string>
    <string name="AF_INSTALLATION">1770275218417-4483451583973247510</string>
    <boolean name="afUninstallToken_queued" value="false" />
    <int name="appsFlyerCount" value="3" />
    <long name="af_rc_timestamp" value="1770275218970" />
    <long name="AppsFlyerTimePassedSincePrevLaunch" value="1770275343355" />
    <string name="appsFlyerFirstInstall">2026-02-05_123700+0530</string>
    <string name="attributionId">{&quot;install_time&quot;:&quot;2026-02-05 07:07:03.410&quot;,&quot;af_message&quot;:&quot;organic install&quot;,&quot;af_status&quot;:&quot;Organic&quot;,&quot;is_first_launch&quot;:false}</string>
</map>
