<?xml version='1.0' encoding='utf-8' standalone='yes' ?>
<map>
    <boolean name="measurement_enabled_from_api" value="true" />
    <long name="last_upload" value="1770275231648" />
    <long name="first_open_time" value="1770275218056" />
    <string name="gmp_app_id">1:636813832662:android:6ee1faecedb3b1dbfc7477</string>
    <string name="app_instance_id">32b9307794545c3a63a7d4dfe5d242d9</string>
    <long name="session_id" value="1770275218" />
    <boolean name="app_backgrounded" value="true" />
    <long name="health_monitor:start" value="1770275218172" />
    <boolean name="deferred_analytics_collection" value="false" />
    <string name="previous_os_version">10</string>
    <boolean name="measurement_enabled" value="true" />
    <boolean name="has_been_opened" value="true" />
    <string name="health_monitor:value">2WC102001:Callable skipped the worker queue.</string>
    <boolean name="allow_remote_dynamite" value="true" />
    <long name="last_pause_time" value="1770275357715" />
    <long name="midnight_offset" value="6915193" />
    <boolean name="start_new_session" value="false" />
    <long name="health_monitor:count" value="4" />
    <long name="last_upload_attempt" value="0" />
</map>
